{"cameraMode":{"drawMode":0,"name":"Shaded","section":"Shading Mode"},"sceneLighting":true,"audioPlay":false,"sceneViewState":{"m_AlwaysRefresh":false,"showFog":true,"showSkybox":true,"showFlares":true,"showImageEffects":true,"showParticleSystems":true,"showVisualEffectGraphs":true,"m_FxEnabled":true},"in2DMode":false,"pivot":{"x":-1.3136610984802247,"y":0.7540431022644043,"z":2.7892754077911379},"rotation":{"x":0.520524263381958,"y":-0.009478907100856305,"z":0.005779174622148275,"w":0.853779673576355},"size":10.36921501159668,"orthographic":true}