{"cameraMode":{"drawMode":0,"name":"Shaded","section":"Shading Mode"},"sceneLighting":true,"audioPlay":false,"sceneViewState":{"m_AlwaysRefresh":false,"showFog":true,"showSkybox":true,"showFlares":true,"showImageEffects":true,"showParticleSystems":true,"showVisualEffectGraphs":true,"m_FxEnabled":true},"in2DMode":false,"pivot":{"x":-2.5781264305114748,"y":-0.1066136360168457,"z":0.8459465503692627},"rotation":{"x":0.0122726084664464,"y":0.6529663801193237,"z":-0.01057055126875639,"w":0.7572243809700012},"size":19.710702896118165,"orthographic":true}