{"cameraMode":{"drawMode":0,"name":"Shaded","section":"Shading Mode"},"sceneLighting":true,"audioPlay":false,"sceneViewState":{"m_AlwaysRefresh":false,"showFog":true,"showSkybox":true,"showFlares":true,"showImageEffects":true,"showParticleSystems":true,"showVisualEffectGraphs":true,"m_FxEnabled":true},"in2DMode":false,"pivot":{"x":0.026274025440216066,"y":0.13655751943588258,"z":0.7384591698646545},"rotation":{"x":-0.2501530349254608,"y":-0.2753489017486572,"z":0.07434943318367005,"w":-0.9253444671630859},"size":1.645034670829773,"orthographic":true}