{"cameraMode":{"drawMode":0,"name":"Shaded","section":"Shading Mode"},"sceneLighting":true,"audioPlay":false,"sceneViewState":{"m_AlwaysRefresh":false,"showFog":true,"showSkybox":true,"showFlares":true,"showImageEffects":true,"showParticleSystems":true,"showVisualEffectGraphs":true,"m_FxEnabled":true},"in2DMode":false,"pivot":{"x":-0.8734002113342285,"y":-0.19612550735473634,"z":-0.21970060467720033},"rotation":{"x":0.7647256851196289,"y":-0.0015402918215841055,"z":0.00184080027975142,"w":0.6443772912025452},"size":1.5789713859558106,"orthographic":true}