{"cameraMode":{"drawMode":0,"name":"Shaded","section":"Shading Mode"},"sceneLighting":false,"audioPlay":false,"sceneViewState":{"m_AlwaysRefresh":false,"showFog":true,"showSkybox":false,"showFlares":true,"showImageEffects":true,"showParticleSystems":true,"showVisualEffectGraphs":true,"m_FxEnabled":true},"in2DMode":false,"pivot":{"x":-0.01992643252015114,"y":0.11518360674381256,"z":0.7899060249328613},"rotation":{"x":0.10469680279493332,"y":-0.13679341971874238,"z":0.014535357244312764,"w":0.9849503040313721},"size":1.1969926357269288,"orthographic":true}